,Sequential,Parallel,Speeup
Map,2.4766017377777776,0.008457744666666666,292.82058461027606
Reduce,1.8296175044444445,0.01703190675555556,107.42294040845721
Zip,3.8191838577777775,0.012068912711111112,316.44804707732186
Total,8.1254031,0.03755856413333333,716.6915720960551
