,Sequential,Parallel,Speeup,Parallel optimized,Speeup optimization
Reduce,1.8296175044444445,0.01703190675555556,107.42294040845721,0.01309251568888889,1.3008887795345456
