,Sequential,Parallel,Speeup,Parallel optimized,Speeup optimization
Reduce,1.8296175044444445,0.2986422057777778,6.126453224116214,0.25104766888888885,1.1895836639293942
